respondent_id,Please indicate your department.,sentiment_overall,themes,theme_sentiments,quote_short,Overall_NPS,Morning_Keynote_NPS,Fireside_NPS,Afternoon_Keynote_NPS,Morning_Breakout_NPS,Afternoon_Breakout_NPS,Organization_Flow,Venue,Duration,Morning_Keynote_Engaging,Morning_Keynote_Time,Morning_Keynote_Relevant,Fireside_Engaging,Fireside_Time,Fireside_Relevant,Afternoon_Keynote_Engaging,Afternoon_Keynote_Time,Afternoon_Keynote_Relevant,Morning_Breakout_Engaging,Morning_Breakout_Time,Morning_Breakout_Relevant,Afternoon_Breakout_Engaging,Afternoon_Breakout_Time,Afternoon_Breakout_Relevant,Overall_NPS_Bucket,Morning_Keynote_NPS_Bucket,Fireside_NPS_Bucket,Afternoon_Keynote_NPS_Bucket,Morning_Breakout_NPS_Bucket,Afternoon_Breakout_NPS_Bucket,Organization_Flow_Bucket,Venue_Bucket,Duration_Bucket,Morning_Keynote_Engaging_Bucket,Morning_Keynote_Time_Bucket,Morning_Keynote_Relevant_Bucket,Fireside_Engaging_Bucket,Fireside_Time_Bucket,Fireside_Relevant_Bucket,Afternoon_Keynote_Engaging_Bucket,Afternoon_Keynote_Time_Bucket,Afternoon_Keynote_Relevant_Bucket,Morning_Breakout_Engaging_Bucket,Morning_Breakout_Time_Bucket,Morning_Breakout_Relevant_Bucket,Afternoon_Breakout_Engaging_Bucket,Afternoon_Breakout_Time_Bucket,Afternoon_Breakout_Relevant_Bucket
1,Keough School of Global Affairs,Neutral,[],[],,9.0,9.0,9.0,9.0,9.0,9.0,7.5,10.0,7.5,7.5,7.5,7.5,7.5,7.5,7.5,7.5,7.5,7.5,7.5,7.5,7.5,7.5,7.5,7.5,Promoter,Promoter,Promoter,Promoter,Promoter,Promoter,Medium,High,Medium,Medium,Medium,Medium,Medium,Medium,Medium,Medium,Medium,Medium,Medium,Medium,Medium,Medium,Medium,Medium
2,Mendoza College of Business,Neutral,[],[],,8.0,8.0,8.0,8.0,7.0,8.0,10.0,10.0,10.0,7.5,7.5,7.5,7.5,7.5,7.5,7.5,7.5,7.5,7.5,7.5,7.5,7.5,7.5,7.5,Passive,Passive,Passive,Passive,Passive,Passive,High,High,High,Medium,Medium,Medium,Medium,Medium,Medium,Medium,Medium,Medium,Medium,Medium,Medium,Medium,Medium,Medium
3,ND Research,Neutral,[],[],,8.0,9.0,8.0,5.0,9.0,8.0,7.5,10.0,7.5,7.5,7.5,7.5,7.5,7.5,7.5,7.5,7.5,5.0,7.5,7.5,7.5,7.5,7.5,7.5,Passive,Promoter,Passive,Detractor,Promoter,Passive,Medium,High,Medium,Medium,Medium,Medium,Medium,Medium,Medium,Medium,Medium,Medium,Medium,Medium,Medium,Medium,Medium,Medium
4,Keough School of Global Affairs,Neutral,[],[],,7.0,0.0,7.0,8.0,7.0,5.0,7.5,7.5,5.0,2.5,2.5,7.5,7.5,7.5,7.5,7.5,7.5,7.5,7.5,7.5,7.5,5.0,5.0,5.0,Passive,Detractor,Passive,Passive,Passive,Detractor,Medium,Medium,Medium,Low,Low,Medium,Medium,Medium,Medium,Medium,Medium,Medium,Medium,Medium,Medium,Medium,Medium,Medium
5,Keough School of Global Affairs,Neutral,"[""Other""]","[{""theme"": ""Other"", ""sentiment"": ""Neutral""}]","Leadership, preparing to be people managers, how to utilize and respect your Human Resources",8.0,6.0,5.0,10.0,7.0,9.0,7.5,10.0,7.5,7.5,7.5,7.5,7.5,2.5,5.0,7.5,7.5,7.5,7.5,2.5,7.5,7.5,5.0,7.5,Passive,Detractor,Detractor,Promoter,Passive,Promoter,Medium,High,Medium,Medium,Medium,Medium,Medium,Low,Medium,Medium,Medium,Medium,Medium,Low,Medium,Medium,Medium,Medium
6,Keough School of Global Affairs,Neutral,[],[],,8.0,9.0,8.0,10.0,7.0,8.0,10.0,10.0,7.5,7.5,7.5,7.5,7.5,2.5,7.5,7.5,7.5,7.5,7.5,7.5,7.5,7.5,2.5,7.5,Passive,Promoter,Passive,Promoter,Passive,Passive,High,High,Medium,Medium,Medium,Medium,Medium,Low,Medium,Medium,Medium,Medium,Medium,Medium,Medium,Medium,Low,Medium
7,ND Research,Neutral,[],[],,9.0,8.0,10.0,10.0,10.0,10.0,10.0,10.0,7.5,7.5,7.5,7.5,7.5,7.5,7.5,7.5,7.5,7.5,7.5,7.5,7.5,7.5,7.5,7.5,Promoter,Passive,Promoter,Promoter,Promoter,Promoter,High,High,Medium,Medium,Medium,Medium,Medium,Medium,Medium,Medium,Medium,Medium,Medium,Medium,Medium,Medium,Medium,Medium
8,Keough School of Global Affairs,Positive,"[""Session Timing & Duration"", ""Content Relevance & Applicability"", ""Organization & Flow"", ""Breakouts"", ""Suggestions/Requests""]","[{""theme"": ""Session Timing & Duration"", ""sentiment"": ""Positive""}, {""theme"": ""Content Relevance & Applicability"", ""sentiment"": ""Positive""}, {""theme"": ""Organization & Flow"", ""sentiment"": ""Positive""}, {""theme"": ""Breakouts"", ""sentiment"": ""Positive""}, {""theme"": ""Suggestions/Requests"", ""sentiment"": ""Positive""}]",The morning transition times were a little long and then the breakouts had to rush some to get all the content in,8.0,10.0,8.0,10.0,8.0,10.0,7.5,10.0,10.0,7.5,7.5,7.5,7.5,7.5,7.5,7.5,7.5,7.5,7.5,7.5,7.5,7.5,7.5,7.5,Passive,Promoter,Passive,Promoter,Passive,Promoter,Medium,High,High,Medium,Medium,Medium,Medium,Medium,Medium,Medium,Medium,Medium,Medium,Medium,Medium,Medium,Medium,Medium
9,Keough School of Global Affairs,Positive,"[""Content Relevance & Applicability"", ""Suggestions/Requests""]","[{""theme"": ""Content Relevance & Applicability"", ""sentiment"": ""Positive""}, {""theme"": ""Suggestions/Requests"", ""sentiment"": ""Positive""}]",This was a great experience,10.0,9.0,9.0,6.0,10.0,7.0,7.5,7.5,10.0,7.5,7.5,7.5,7.5,7.5,7.5,7.5,2.5,2.5,7.5,7.5,7.5,7.5,7.5,2.5,Promoter,Promoter,Promoter,Detractor,Promoter,Passive,Medium,Medium,High,Medium,Medium,Medium,Medium,Medium,Medium,Medium,Low,Low,Medium,Medium,Medium,Medium,Medium,Low
10,Mendoza College of Business,Neutral,[],[],,8.0,7.0,10.0,9.0,10.0,7.0,10.0,10.0,10.0,7.5,7.5,7.5,7.5,7.5,7.5,7.5,7.5,7.5,7.5,7.5,7.5,7.5,7.5,5.0,Passive,Passive,Promoter,Promoter,Promoter,Passive,High,High,High,Medium,Medium,Medium,Medium,Medium,Medium,Medium,Medium,Medium,Medium,Medium,Medium,Medium,Medium,Medium
11,College of Science,Neutral,"[""Session Timing & Duration""]","[{""theme"": ""Session Timing & Duration"", ""sentiment"": ""Neutral""}]",Morning ice breaker maybe,10.0,10.0,9.0,10.0,10.0,9.0,10.0,10.0,7.5,7.5,7.5,7.5,7.5,7.5,7.5,7.5,7.5,7.5,7.5,7.5,7.5,7.5,7.5,7.5,Promoter,Promoter,Promoter,Promoter,Promoter,Promoter,High,High,Medium,Medium,Medium,Medium,Medium,Medium,Medium,Medium,Medium,Medium,Medium,Medium,Medium,Medium,Medium,Medium
12,College of Arts & Letters,Neutral,"[""Session Timing & Duration"", ""Content Relevance & Applicability"", ""Lunch/Fireside""]","[{""theme"": ""Session Timing & Duration"", ""sentiment"": ""Neutral""}, {""theme"": ""Content Relevance & Applicability"", ""sentiment"": ""Neutral""}, {""theme"": ""Lunch/Fireside"", ""sentiment"": ""Neutral""}]",Anything relating to IT seems to need a little longer in training,10.0,3.0,10.0,10.0,10.0,10.0,10.0,10.0,7.5,2.5,2.5,2.5,7.5,7.5,7.5,7.5,2.5,7.5,7.5,7.5,7.5,7.5,2.5,7.5,Promoter,Detractor,Promoter,Promoter,Promoter,Promoter,High,High,Medium,Low,Low,Low,Medium,Medium,Medium,Medium,Low,Medium,Medium,Medium,Medium,Medium,Low,Medium
13,College of Arts & Letters,Neutral,"[""Session Timing & Duration"", ""Speaker/Facilitator Quality"", ""Networking/Peer Interaction"", ""Keynotes"", ""Breakouts"", ""Lunch/Fireside"", ""Suggestions/Requests""]","[{""theme"": ""Session Timing & Duration"", ""sentiment"": ""Neutral""}, {""theme"": ""Speaker/Facilitator Quality"", ""sentiment"": ""Neutral""}, {""theme"": ""Networking/Peer Interaction"", ""sentiment"": ""Neutral""}, {""theme"": ""Keynotes"", ""sentiment"": ""Neutral""}, {""theme"": ""Breakouts"", ""sentiment"": ""Neutral""}, {""theme"": ""Lunch/Fireside"", ""sentiment"": ""Neutral""}, {""theme"": ""Suggestions/Requests"", ""sentiment"": ""Neutral""}]",The schedule had far too much down time,3.0,0.0,0.0,7.0,6.0,2.0,2.5,10.0,2.5,2.5,2.5,7.5,2.5,7.5,2.5,7.5,7.5,5.0,7.5,2.5,7.5,2.5,2.5,7.5,Detractor,Detractor,Detractor,Passive,Detractor,Detractor,Low,High,Low,Low,Low,Medium,Low,Medium,Low,Medium,Medium,Medium,Medium,Low,Medium,Low,Low,Medium
14,College of Science,Positive,"[""Session Timing & Duration"", ""Content Relevance & Applicability"", ""Networking/Peer Interaction"", ""Venue & Logistics"", ""Breakouts"", ""Lunch/Fireside""]","[{""theme"": ""Session Timing & Duration"", ""sentiment"": ""Positive""}, {""theme"": ""Content Relevance & Applicability"", ""sentiment"": ""Positive""}, {""theme"": ""Networking/Peer Interaction"", ""sentiment"": ""Positive""}, {""theme"": ""Venue & Logistics"", ""sentiment"": ""Positive""}, {""theme"": ""Breakouts"", ""sentiment"": ""Positive""}, {""theme"": ""Lunch/Fireside"", ""sentiment"": ""Positive""}]",The breakouts didn’t have enough time or maybe I enjoyed them too much I wanted them to go on,10.0,10.0,10.0,10.0,10.0,10.0,7.5,10.0,7.5,7.5,7.5,7.5,7.5,7.5,7.5,7.5,7.5,7.5,7.5,7.5,7.5,7.5,7.5,7.5,Promoter,Promoter,Promoter,Promoter,Promoter,Promoter,Medium,High,Medium,Medium,Medium,Medium,Medium,Medium,Medium,Medium,Medium,Medium,Medium,Medium,Medium,Medium,Medium,Medium
15,Mendoza College of Business,Negative,"[""Speaker/Facilitator Quality"", ""Breakouts"", ""Suggestions/Requests""]","[{""theme"": ""Speaker/Facilitator Quality"", ""sentiment"": ""Negative""}, {""theme"": ""Breakouts"", ""sentiment"": ""Negative""}, {""theme"": ""Suggestions/Requests"", ""sentiment"": ""Negative""}]","I just attended the session, and honestly, I left feeling disappointed by the speaker’s approach",10.0,10.0,10.0,10.0,10.0,6.0,10.0,10.0,10.0,7.5,7.5,7.5,7.5,7.5,7.5,7.5,7.5,7.5,7.5,7.5,7.5,7.5,7.5,7.5,Promoter,Promoter,Promoter,Promoter,Promoter,Detractor,High,High,High,Medium,Medium,Medium,Medium,Medium,Medium,Medium,Medium,Medium,Medium,Medium,Medium,Medium,Medium,Medium
16,ND Research,Positive,"[""Session Timing & Duration"", ""Content Relevance & Applicability"", ""Networking/Peer Interaction"", ""Venue & Logistics"", ""Lunch/Fireside"", ""Suggestions/Requests""]","[{""theme"": ""Session Timing & Duration"", ""sentiment"": ""Positive""}, {""theme"": ""Content Relevance & Applicability"", ""sentiment"": ""Positive""}, {""theme"": ""Networking/Peer Interaction"", ""sentiment"": ""Positive""}, {""theme"": ""Venue & Logistics"", ""sentiment"": ""Positive""}, {""theme"": ""Lunch/Fireside"", ""sentiment"": ""Positive""}, {""theme"": ""Suggestions/Requests"", ""sentiment"": ""Positive""}]",Great to interact with colleagues inside and outside my division,8.0,9.0,10.0,9.0,10.0,9.0,10.0,10.0,10.0,7.5,2.5,7.5,7.5,7.5,7.5,7.5,7.5,7.5,7.5,2.5,7.5,7.5,2.5,7.5,Passive,Promoter,Promoter,Promoter,Promoter,Promoter,High,High,High,Medium,Low,Medium,Medium,Medium,Medium,Medium,Medium,Medium,Medium,Low,Medium,Medium,Low,Medium
17,Mendoza College of Business,Positive,"[""Session Timing & Duration"", ""Content Relevance & Applicability"", ""Networking/Peer Interaction"", ""Breakouts"", ""Suggestions/Requests""]","[{""theme"": ""Session Timing & Duration"", ""sentiment"": ""Positive""}, {""theme"": ""Content Relevance & Applicability"", ""sentiment"": ""Positive""}, {""theme"": ""Networking/Peer Interaction"", ""sentiment"": ""Positive""}, {""theme"": ""Breakouts"", ""sentiment"": ""Positive""}, {""theme"": ""Suggestions/Requests"", ""sentiment"": ""Positive""}]",I appreciated having a practical class (spreadsheet 101) however I would love more advanced options in the future (201,8.0,8.0,5.0,8.0,9.0,8.0,10.0,10.0,10.0,7.5,7.5,7.5,7.5,7.5,5.0,7.5,7.5,7.5,7.5,7.5,7.5,7.5,7.5,7.5,Passive,Passive,Detractor,Passive,Promoter,Passive,High,High,High,Medium,Medium,Medium,Medium,Medium,Medium,Medium,Medium,Medium,Medium,Medium,Medium,Medium,Medium,Medium
18,Mendoza College of Business,Neutral,[],[],,8.0,7.0,9.0,8.0,8.0,9.0,5.0,10.0,7.5,7.5,2.5,7.5,7.5,7.5,7.5,7.5,7.5,7.5,7.5,7.5,7.5,7.5,7.5,7.5,Passive,Passive,Promoter,Passive,Passive,Promoter,Medium,High,Medium,Medium,Low,Medium,Medium,Medium,Medium,Medium,Medium,Medium,Medium,Medium,Medium,Medium,Medium,Medium
19,ND Research,Neutral,[],[],,10.0,10.0,10.0,10.0,10.0,10.0,10.0,10.0,10.0,7.5,7.5,7.5,7.5,7.5,7.5,7.5,7.5,7.5,7.5,7.5,7.5,7.5,7.5,7.5,Promoter,Promoter,Promoter,Promoter,Promoter,Promoter,High,High,High,Medium,Medium,Medium,Medium,Medium,Medium,Medium,Medium,Medium,Medium,Medium,Medium,Medium,Medium,Medium
20,ND Research,Neutral,"[""Other""]","[{""theme"": ""Other"", ""sentiment"": ""Neutral""}]",N/a N/a,10.0,8.0,8.0,8.0,10.0,8.0,7.5,10.0,7.5,7.5,7.5,7.5,7.5,7.5,7.5,7.5,7.5,7.5,7.5,7.5,7.5,7.5,7.5,7.5,Promoter,Passive,Passive,Passive,Promoter,Passive,Medium,High,Medium,Medium,Medium,Medium,Medium,Medium,Medium,Medium,Medium,Medium,Medium,Medium,Medium,Medium,Medium,Medium
21,Keough School of Global Affairs,Neutral,[],[],,8.0,10.0,0.0,8.0,9.0,9.0,7.5,7.5,5.0,7.5,7.5,7.5,5.0,5.0,5.0,7.5,7.5,7.5,7.5,7.5,7.5,7.5,7.5,7.5,Passive,Promoter,Detractor,Passive,Promoter,Promoter,Medium,Medium,Medium,Medium,Medium,Medium,Medium,Medium,Medium,Medium,Medium,Medium,Medium,Medium,Medium,Medium,Medium,Medium
22,College of Science,Neutral,[],[],,10.0,6.0,6.0,10.0,8.0,10.0,10.0,10.0,10.0,7.5,2.5,7.5,7.5,7.5,7.5,7.5,7.5,7.5,7.5,7.5,7.5,7.5,7.5,7.5,Promoter,Detractor,Detractor,Promoter,Passive,Promoter,High,High,High,Medium,Low,Medium,Medium,Medium,Medium,Medium,Medium,Medium,Medium,Medium,Medium,Medium,Medium,Medium
23,Mendoza College of Business,Neutral,[],[],,9.0,9.0,8.0,10.0,9.0,10.0,10.0,10.0,10.0,7.5,7.5,7.5,7.5,7.5,7.5,7.5,7.5,7.5,7.5,7.5,7.5,7.5,7.5,7.5,Promoter,Promoter,Passive,Promoter,Promoter,Promoter,High,High,High,Medium,Medium,Medium,Medium,Medium,Medium,Medium,Medium,Medium,Medium,Medium,Medium,Medium,Medium,Medium
24,Mendoza College of Business,Negative,"[""Session Timing & Duration"", ""Breakouts"", ""Suggestions/Requests""]","[{""theme"": ""Session Timing & Duration"", ""sentiment"": ""Negative""}, {""theme"": ""Breakouts"", ""sentiment"": ""Negative""}, {""theme"": ""Suggestions/Requests"", ""sentiment"": ""Negative""}]",There was a lot of down time and the sessions felt rushed so I wish there would be more time for sessions and less down...,7.0,10.0,10.0,10.0,10.0,10.0,5.0,10.0,7.5,7.5,7.5,7.5,7.5,7.5,7.5,7.5,7.5,7.5,7.5,7.5,7.5,7.5,7.5,7.5,Passive,Promoter,Promoter,Promoter,Promoter,Promoter,Medium,High,Medium,Medium,Medium,Medium,Medium,Medium,Medium,Medium,Medium,Medium,Medium,Medium,Medium,Medium,Medium,Medium
25,ND Research,Neutral,[],[],,8.0,8.0,8.0,8.0,8.0,8.0,10.0,10.0,10.0,7.5,7.5,7.5,7.5,7.5,7.5,7.5,7.5,7.5,7.5,7.5,7.5,7.5,7.5,7.5,Passive,Passive,Passive,Passive,Passive,Passive,High,High,High,Medium,Medium,Medium,Medium,Medium,Medium,Medium,Medium,Medium,Medium,Medium,Medium,Medium,Medium,Medium
26,ND Research,Neutral,"[""Session Timing & Duration"", ""Content Relevance & Applicability"", ""Networking/Peer Interaction"", ""Breakouts"", ""Lunch/Fireside"", ""Suggestions/Requests""]","[{""theme"": ""Session Timing & Duration"", ""sentiment"": ""Neutral""}, {""theme"": ""Content Relevance & Applicability"", ""sentiment"": ""Neutral""}, {""theme"": ""Networking/Peer Interaction"", ""sentiment"": ""Neutral""}, {""theme"": ""Breakouts"", ""sentiment"": ""Neutral""}, {""theme"": ""Lunch/Fireside"", ""sentiment"": ""Neutral""}, {""theme"": ""Suggestions/Requests"", ""sentiment"": ""Neutral""}]","I thought some of the sessions really could have used more time, particularly the breakouts",7.0,7.0,10.0,8.0,4.0,8.0,7.5,10.0,7.5,7.5,2.5,7.5,7.5,2.5,7.5,7.5,7.5,7.5,5.0,2.5,2.5,7.5,2.5,7.5,Passive,Passive,Promoter,Passive,Detractor,Passive,Medium,High,Medium,Medium,Low,Medium,Medium,Low,Medium,Medium,Medium,Medium,Medium,Low,Low,Medium,Low,Medium
27,ND Research,Positive,"[""Session Timing & Duration"", ""Content Relevance & Applicability"", ""Venue & Logistics"", ""Keynotes"", ""Breakouts"", ""Lunch/Fireside"", ""Suggestions/Requests""]","[{""theme"": ""Session Timing & Duration"", ""sentiment"": ""Positive""}, {""theme"": ""Content Relevance & Applicability"", ""sentiment"": ""Positive""}, {""theme"": ""Venue & Logistics"", ""sentiment"": ""Positive""}, {""theme"": ""Keynotes"", ""sentiment"": ""Positive""}, {""theme"": ""Breakouts"", ""sentiment"": ""Positive""}, {""theme"": ""Lunch/Fireside"", ""sentiment"": ""Positive""}, {""theme"": ""Suggestions/Requests"", ""sentiment"": ""Positive""}]",Schedule: I appreciated the time when keynotes ended early to chat with folks across departments,10.0,9.0,9.0,10.0,6.0,10.0,10.0,10.0,10.0,7.5,7.5,7.5,7.5,7.5,7.5,7.5,7.5,7.5,7.5,7.5,5.0,7.5,7.5,7.5,Promoter,Promoter,Promoter,Promoter,Detractor,Promoter,High,High,High,Medium,Medium,Medium,Medium,Medium,Medium,Medium,Medium,Medium,Medium,Medium,Medium,Medium,Medium,Medium
28,ND Research,Neutral,"[""Session Timing & Duration"", ""Breakouts""]","[{""theme"": ""Session Timing & Duration"", ""sentiment"": ""Neutral""}, {""theme"": ""Breakouts"", ""sentiment"": ""Neutral""}]",Information on what will be covered in the break out sessions would be beneficial,10.0,10.0,10.0,10.0,10.0,10.0,7.5,10.0,10.0,7.5,7.5,7.5,7.5,7.5,7.5,7.5,7.5,7.5,7.5,7.5,7.5,7.5,7.5,7.5,Promoter,Promoter,Promoter,Promoter,Promoter,Promoter,Medium,High,High,Medium,Medium,Medium,Medium,Medium,Medium,Medium,Medium,Medium,Medium,Medium,Medium,Medium,Medium,Medium
29,Mendoza College of Business,Neutral,"[""Session Timing & Duration"", ""Content Relevance & Applicability"", ""Lunch/Fireside""]","[{""theme"": ""Session Timing & Duration"", ""sentiment"": ""Neutral""}, {""theme"": ""Content Relevance & Applicability"", ""sentiment"": ""Neutral""}, {""theme"": ""Lunch/Fireside"", ""sentiment"": ""Neutral""}]",The topics were too deep of topics for the time slots slotted,3.0,5.0,4.0,5.0,6.0,6.0,5.0,7.5,5.0,7.5,2.5,5.0,5.0,7.5,5.0,7.5,7.5,2.5,7.5,2.5,7.5,7.5,2.5,7.5,Detractor,Detractor,Detractor,Detractor,Detractor,Detractor,Medium,Medium,Medium,Medium,Low,Medium,Medium,Medium,Medium,Medium,Medium,Low,Medium,Low,Medium,Medium,Low,Medium
30,Mendoza College of Business,Neutral,"[""Session Timing & Duration"", ""Venue & Logistics"", ""Breakouts""]","[{""theme"": ""Session Timing & Duration"", ""sentiment"": ""Neutral""}, {""theme"": ""Venue & Logistics"", ""sentiment"": ""Neutral""}, {""theme"": ""Breakouts"", ""sentiment"": ""Neutral""}]","I liked the longer break times and table assignments, which allowed us to meet others outside our circles",7.0,8.0,7.0,6.0,7.0,10.0,10.0,10.0,7.5,7.5,7.5,7.5,7.5,7.5,7.5,7.5,7.5,2.5,7.5,5.0,7.5,7.5,7.5,7.5,Passive,Passive,Passive,Detractor,Passive,Promoter,High,High,Medium,Medium,Medium,Medium,Medium,Medium,Medium,Medium,Medium,Low,Medium,Medium,Medium,Medium,Medium,Medium
31,College of Science,Positive,"[""Session Timing & Duration"", ""Networking/Peer Interaction"", ""Breakouts""]","[{""theme"": ""Session Timing & Duration"", ""sentiment"": ""Positive""}, {""theme"": ""Networking/Peer Interaction"", ""sentiment"": ""Positive""}, {""theme"": ""Breakouts"", ""sentiment"": ""Positive""}]",Enjoyed the breaks in between - the day wasn’t over scheduled and gave us an opportunity to connect with staff in our groups in person...,8.0,10.0,7.0,5.0,6.0,8.0,10.0,7.5,7.5,7.5,7.5,7.5,7.5,7.5,7.5,7.5,7.5,2.5,7.5,7.5,7.5,7.5,7.5,7.5,Passive,Promoter,Passive,Detractor,Detractor,Passive,High,Medium,Medium,Medium,Medium,Medium,Medium,Medium,Medium,Medium,Medium,Low,Medium,Medium,Medium,Medium,Medium,Medium
32,ND Research,Neutral,"[""Session Timing & Duration"", ""Content Relevance & Applicability"", ""Lunch/Fireside"", ""Suggestions/Requests""]","[{""theme"": ""Session Timing & Duration"", ""sentiment"": ""Neutral""}, {""theme"": ""Content Relevance & Applicability"", ""sentiment"": ""Neutral""}, {""theme"": ""Lunch/Fireside"", ""sentiment"": ""Neutral""}, {""theme"": ""Suggestions/Requests"", ""sentiment"": ""Neutral""}]","Please explain with more detail, the specific content of each talk",7.0,5.0,4.0,8.0,7.0,3.0,10.0,10.0,10.0,7.5,7.5,2.5,7.5,7.5,2.5,7.5,7.5,7.5,7.5,7.5,7.5,7.5,7.5,2.5,Passive,Detractor,Detractor,Passive,Passive,Detractor,High,High,High,Medium,Medium,Low,Medium,Medium,Low,Medium,Medium,Medium,Medium,Medium,Medium,Medium,Medium,Low
33,College of Science,Neutral,[],[],,9.0,7.0,9.0,10.0,10.0,8.0,10.0,10.0,10.0,7.5,7.5,7.5,7.5,7.5,7.5,7.5,7.5,7.5,7.5,7.5,7.5,7.5,7.5,7.5,Promoter,Passive,Promoter,Promoter,Promoter,Passive,High,High,High,Medium,Medium,Medium,Medium,Medium,Medium,Medium,Medium,Medium,Medium,Medium,Medium,Medium,Medium,Medium
34,College of Science,Neutral,[],[],,8.0,9.0,10.0,8.0,10.0,10.0,10.0,10.0,7.5,7.5,7.5,7.5,7.5,7.5,7.5,7.5,7.5,7.5,7.5,2.5,7.5,7.5,7.5,7.5,Passive,Promoter,Promoter,Passive,Promoter,Promoter,High,High,Medium,Medium,Medium,Medium,Medium,Medium,Medium,Medium,Medium,Medium,Medium,Low,Medium,Medium,Medium,Medium
35,ND Research,Neutral,[],[],,8.0,7.0,10.0,10.0,10.0,8.0,7.5,10.0,7.5,7.5,7.5,7.5,7.5,7.5,7.5,7.5,7.5,7.5,7.5,7.5,7.5,7.5,7.5,7.5,Passive,Passive,Promoter,Promoter,Promoter,Passive,Medium,High,Medium,Medium,Medium,Medium,Medium,Medium,Medium,Medium,Medium,Medium,Medium,Medium,Medium,Medium,Medium,Medium
36,College of Arts & Letters,Positive,"[""Session Timing & Duration"", ""Content Relevance & Applicability"", ""Networking/Peer Interaction"", ""Breakouts"", ""Lunch/Fireside"", ""Suggestions/Requests""]","[{""theme"": ""Session Timing & Duration"", ""sentiment"": ""Positive""}, {""theme"": ""Content Relevance & Applicability"", ""sentiment"": ""Positive""}, {""theme"": ""Networking/Peer Interaction"", ""sentiment"": ""Positive""}, {""theme"": ""Breakouts"", ""sentiment"": ""Positive""}, {""theme"": ""Lunch/Fireside"", ""sentiment"": ""Positive""}, {""theme"": ""Suggestions/Requests"", ""sentiment"": ""Positive""}]",Ashley‘s session was incredibly useful and powerful,8.0,9.0,8.0,8.0,8.0,10.0,10.0,10.0,10.0,7.5,7.5,7.5,7.5,7.5,7.5,7.5,7.5,7.5,7.5,7.5,7.5,7.5,7.5,7.5,Passive,Promoter,Passive,Passive,Passive,Promoter,High,High,High,Medium,Medium,Medium,Medium,Medium,Medium,Medium,Medium,Medium,Medium,Medium,Medium,Medium,Medium,Medium
37,College of Science,Neutral,[],[],,10.0,8.0,6.0,8.0,10.0,10.0,10.0,10.0,7.5,7.5,7.5,7.5,7.5,7.5,7.5,7.5,7.5,7.5,7.5,7.5,7.5,7.5,7.5,7.5,Promoter,Passive,Detractor,Passive,Promoter,Promoter,High,High,Medium,Medium,Medium,Medium,Medium,Medium,Medium,Medium,Medium,Medium,Medium,Medium,Medium,Medium,Medium,Medium
38,College of Science,Neutral,"[""Session Timing & Duration"", ""Suggestions/Requests""]","[{""theme"": ""Session Timing & Duration"", ""sentiment"": ""Neutral""}, {""theme"": ""Suggestions/Requests"", ""sentiment"": ""Neutral""}]",The focus presentation could have used more time,10.0,7.0,10.0,10.0,10.0,10.0,10.0,10.0,10.0,7.5,7.5,7.5,7.5,7.5,7.5,7.5,7.5,7.5,7.5,7.5,7.5,7.5,2.5,7.5,Promoter,Passive,Promoter,Promoter,Promoter,Promoter,High,High,High,Medium,Medium,Medium,Medium,Medium,Medium,Medium,Medium,Medium,Medium,Medium,Medium,Medium,Low,Medium
39,ND Research,Neutral,[],[],,7.0,6.0,6.0,7.0,7.0,6.0,5.0,7.5,5.0,7.5,7.5,7.5,7.5,7.5,7.5,5.0,7.5,7.5,7.5,7.5,7.5,5.0,7.5,7.5,Passive,Detractor,Detractor,Passive,Passive,Detractor,Medium,Medium,Medium,Medium,Medium,Medium,Medium,Medium,Medium,Medium,Medium,Medium,Medium,Medium,Medium,Medium,Medium,Medium
40,College of Arts & Letters,Neutral,[],[],,8.0,8.0,8.0,10.0,8.0,8.0,7.5,7.5,7.5,7.5,7.5,7.5,7.5,7.5,7.5,7.5,2.5,7.5,7.5,7.5,7.5,7.5,2.5,7.5,Passive,Passive,Passive,Promoter,Passive,Passive,Medium,Medium,Medium,Medium,Medium,Medium,Medium,Medium,Medium,Medium,Low,Medium,Medium,Medium,Medium,Medium,Low,Medium
41,ND Research,Neutral,[],[],,10.0,10.0,10.0,10.0,10.0,8.0,10.0,10.0,7.5,7.5,7.5,7.5,7.5,7.5,7.5,7.5,7.5,7.5,7.5,7.5,7.5,7.5,7.5,7.5,Promoter,Promoter,Promoter,Promoter,Promoter,Passive,High,High,Medium,Medium,Medium,Medium,Medium,Medium,Medium,Medium,Medium,Medium,Medium,Medium,Medium,Medium,Medium,Medium
42,Keough School of Global Affairs,Positive,"[""Speaker/Facilitator Quality"", ""Content Relevance & Applicability"", ""Venue & Logistics"", ""Breakouts"", ""Lunch/Fireside"", ""Suggestions/Requests""]","[{""theme"": ""Speaker/Facilitator Quality"", ""sentiment"": ""Positive""}, {""theme"": ""Content Relevance & Applicability"", ""sentiment"": ""Positive""}, {""theme"": ""Venue & Logistics"", ""sentiment"": ""Positive""}, {""theme"": ""Breakouts"", ""sentiment"": ""Positive""}, {""theme"": ""Lunch/Fireside"", ""sentiment"": ""Positive""}, {""theme"": ""Suggestions/Requests"", ""sentiment"": ""Positive""}]",I was honored to be invited and attend,10.0,5.0,7.0,10.0,7.0,10.0,7.5,10.0,7.5,5.0,7.5,7.5,7.5,7.5,7.5,7.5,7.5,7.5,7.5,7.5,7.5,7.5,7.5,7.5,Promoter,Detractor,Passive,Promoter,Passive,Promoter,Medium,High,Medium,Medium,Medium,Medium,Medium,Medium,Medium,Medium,Medium,Medium,Medium,Medium,Medium,Medium,Medium,Medium
43,College of Science,Neutral,[],[],,9.0,9.0,9.0,9.0,9.0,9.0,10.0,10.0,10.0,7.5,7.5,7.5,7.5,7.5,7.5,7.5,7.5,7.5,7.5,7.5,7.5,7.5,7.5,7.5,Promoter,Promoter,Promoter,Promoter,Promoter,Promoter,High,High,High,Medium,Medium,Medium,Medium,Medium,Medium,Medium,Medium,Medium,Medium,Medium,Medium,Medium,Medium,Medium
44,College of Science,Neutral,"[""Content Relevance & Applicability""]","[{""theme"": ""Content Relevance & Applicability"", ""sentiment"": ""Neutral""}]",The round tables in 215 made it difficult for everyone to see easily,7.0,4.0,9.0,10.0,9.0,5.0,10.0,7.5,10.0,2.5,5.0,5.0,7.5,7.5,7.5,7.5,7.5,7.5,7.5,7.5,7.5,5.0,7.5,5.0,Passive,Detractor,Promoter,Promoter,Promoter,Detractor,High,Medium,High,Low,Medium,Medium,Medium,Medium,Medium,Medium,Medium,Medium,Medium,Medium,Medium,Medium,Medium,Medium
45,College of Science,Neutral,[],[],,9.0,10.0,10.0,9.0,10.0,9.0,10.0,10.0,10.0,7.5,7.5,7.5,7.5,7.5,7.5,7.5,7.5,7.5,7.5,7.5,7.5,7.5,7.5,7.5,Promoter,Promoter,Promoter,Promoter,Promoter,Promoter,High,High,High,Medium,Medium,Medium,Medium,Medium,Medium,Medium,Medium,Medium,Medium,Medium,Medium,Medium,Medium,Medium
46,ND Research,Neutral,"[""Session Timing & Duration"", ""Suggestions/Requests""]","[{""theme"": ""Session Timing & Duration"", ""sentiment"": ""Neutral""}, {""theme"": ""Suggestions/Requests"", ""sentiment"": ""Neutral""}]",I would liked more time to discuss not necessary Q/A  how to start and talk to survivors,9.0,9.0,9.0,9.0,9.0,9.0,7.5,7.5,7.5,7.5,7.5,7.5,7.5,7.5,7.5,7.5,7.5,7.5,7.5,7.5,7.5,7.5,7.5,7.5,Promoter,Promoter,Promoter,Promoter,Promoter,Promoter,Medium,Medium,Medium,Medium,Medium,Medium,Medium,Medium,Medium,Medium,Medium,Medium,Medium,Medium,Medium,Medium,Medium,Medium
47,Keough School of Global Affairs,Positive,"[""Session Timing & Duration"", ""Speaker/Facilitator Quality"", ""Content Relevance & Applicability"", ""Networking/Peer Interaction"", ""Venue & Logistics"", ""Keynotes"", ""Breakouts"", ""Lunch/Fireside"", ""Suggestions/Requests""]","[{""theme"": ""Session Timing & Duration"", ""sentiment"": ""Positive""}, {""theme"": ""Speaker/Facilitator Quality"", ""sentiment"": ""Positive""}, {""theme"": ""Content Relevance & Applicability"", ""sentiment"": ""Positive""}, {""theme"": ""Networking/Peer Interaction"", ""sentiment"": ""Positive""}, {""theme"": ""Venue & Logistics"", ""sentiment"": ""Positive""}, {""theme"": ""Keynotes"", ""sentiment"": ""Positive""}, {""theme"": ""Breakouts"", ""sentiment"": ""Positive""}, {""theme"": ""Lunch/Fireside"", ""sentiment"": ""Positive""}, {""theme"": ""Suggestions/Requests"", ""sentiment"": ""Positive""}]",The challenge with an event like this is that since people have so many different interest areas and are at such different levels of their...,6.0,3.0,5.0,8.0,8.0,9.0,7.5,7.5,7.5,2.5,2.5,2.5,7.5,7.5,7.5,7.5,7.5,7.5,7.5,7.5,7.5,7.5,7.5,7.5,Detractor,Detractor,Detractor,Passive,Passive,Promoter,Medium,Medium,Medium,Low,Low,Low,Medium,Medium,Medium,Medium,Medium,Medium,Medium,Medium,Medium,Medium,Medium,Medium
48,College of Science,Neutral,"[""Session Timing & Duration""]","[{""theme"": ""Session Timing & Duration"", ""sentiment"": ""Neutral""}]",There was way too much down time,6.0,8.0,9.0,8.0,4.0,6.0,2.5,5.0,5.0,5.0,7.5,7.5,7.5,7.5,7.5,7.5,7.5,2.5,5.0,5.0,2.5,5.0,5.0,5.0,Detractor,Passive,Promoter,Passive,Detractor,Detractor,Low,Medium,Medium,Medium,Medium,Medium,Medium,Medium,Medium,Medium,Medium,Low,Medium,Medium,Low,Medium,Medium,Medium
49,College of Science,Neutral,"[""Session Timing & Duration"", ""Speaker/Facilitator Quality"", ""Content Relevance & Applicability"", ""Organization & Flow"", ""Keynotes"", ""Breakouts"", ""Lunch/Fireside""]","[{""theme"": ""Session Timing & Duration"", ""sentiment"": ""Neutral""}, {""theme"": ""Speaker/Facilitator Quality"", ""sentiment"": ""Neutral""}, {""theme"": ""Content Relevance & Applicability"", ""sentiment"": ""Neutral""}, {""theme"": ""Organization & Flow"", ""sentiment"": ""Neutral""}, {""theme"": ""Keynotes"", ""sentiment"": ""Neutral""}, {""theme"": ""Breakouts"", ""sentiment"": ""Neutral""}, {""theme"": ""Lunch/Fireside"", ""sentiment"": ""Neutral""}]",I felt the overall scheduling could be improved,8.0,3.0,8.0,7.0,10.0,10.0,5.0,7.5,7.5,7.5,2.5,7.5,7.5,7.5,7.5,7.5,7.5,2.5,7.5,7.5,7.5,7.5,7.5,7.5,Passive,Detractor,Passive,Passive,Promoter,Promoter,Medium,Medium,Medium,Medium,Low,Medium,Medium,Medium,Medium,Medium,Medium,Low,Medium,Medium,Medium,Medium,Medium,Medium
50,College of Science,Positive,"[""Session Timing & Duration"", ""Content Relevance & Applicability"", ""Breakouts""]","[{""theme"": ""Session Timing & Duration"", ""sentiment"": ""Positive""}, {""theme"": ""Content Relevance & Applicability"", ""sentiment"": ""Positive""}, {""theme"": ""Breakouts"", ""sentiment"": ""Positive""}]","Great mix of content this year, thanks so much",10.0,9.0,10.0,10.0,10.0,9.0,10.0,10.0,7.5,7.5,7.5,7.5,7.5,7.5,7.5,7.5,7.5,7.5,7.5,7.5,7.5,7.5,7.5,7.5,Promoter,Promoter,Promoter,Promoter,Promoter,Promoter,High,High,Medium,Medium,Medium,Medium,Medium,Medium,Medium,Medium,Medium,Medium,Medium,Medium,Medium,Medium,Medium,Medium
51,ND Research,Neutral,"[""Session Timing & Duration""]","[{""theme"": ""Session Timing & Duration"", ""sentiment"": ""Neutral""}]",EQ talk not long enough  EQ assessment and also how to manage workloads not just apps to use,10.0,10.0,10.0,10.0,10.0,6.0,10.0,10.0,5.0,2.5,2.5,2.5,2.5,2.5,2.5,7.5,7.5,7.5,7.5,2.5,7.5,7.5,2.5,7.5,Promoter,Promoter,Promoter,Promoter,Promoter,Detractor,High,High,Medium,Low,Low,Low,Low,Low,Low,Medium,Medium,Medium,Medium,Low,Medium,Medium,Low,Medium
52,ND Research,Positive,"[""Content Relevance & Applicability"", ""Lunch/Fireside"", ""Suggestions/Requests""]","[{""theme"": ""Content Relevance & Applicability"", ""sentiment"": ""Positive""}, {""theme"": ""Lunch/Fireside"", ""sentiment"": ""Positive""}, {""theme"": ""Suggestions/Requests"", ""sentiment"": ""Positive""}]",It was a great day and everyone was well-prepared,9.0,7.0,10.0,10.0,9.0,9.0,10.0,10.0,7.5,7.5,7.5,7.5,7.5,7.5,7.5,7.5,7.5,7.5,7.5,7.5,7.5,7.5,7.5,7.5,Promoter,Passive,Promoter,Promoter,Promoter,Promoter,High,High,Medium,Medium,Medium,Medium,Medium,Medium,Medium,Medium,Medium,Medium,Medium,Medium,Medium,Medium,Medium,Medium
53,Keough School of Global Affairs,Positive,"[""Session Timing & Duration"", ""Content Relevance & Applicability"", ""Networking/Peer Interaction"", ""Venue & Logistics"", ""Breakouts"", ""Lunch/Fireside"", ""Suggestions/Requests""]","[{""theme"": ""Session Timing & Duration"", ""sentiment"": ""Positive""}, {""theme"": ""Content Relevance & Applicability"", ""sentiment"": ""Positive""}, {""theme"": ""Networking/Peer Interaction"", ""sentiment"": ""Positive""}, {""theme"": ""Venue & Logistics"", ""sentiment"": ""Positive""}, {""theme"": ""Breakouts"", ""sentiment"": ""Positive""}, {""theme"": ""Lunch/Fireside"", ""sentiment"": ""Positive""}, {""theme"": ""Suggestions/Requests"", ""sentiment"": ""Positive""}]","It was wonderful to meet new people from across campus, more conversations/interactions with tables or even cross-table interactions would have been ideal",4.0,6.0,2.0,1.0,7.0,0.0,7.5,7.5,5.0,7.5,7.5,5.0,5.0,5.0,2.5,5.0,2.5,2.5,7.5,7.5,7.5,2.5,2.5,2.5,Detractor,Detractor,Detractor,Detractor,Passive,Detractor,Medium,Medium,Medium,Medium,Medium,Medium,Medium,Medium,Low,Medium,Low,Low,Medium,Medium,Medium,Low,Low,Low
54,ND Research,Positive,"[""Session Timing & Duration"", ""Networking/Peer Interaction"", ""Breakouts""]","[{""theme"": ""Session Timing & Duration"", ""sentiment"": ""Positive""}, {""theme"": ""Networking/Peer Interaction"", ""sentiment"": ""Positive""}, {""theme"": ""Breakouts"", ""sentiment"": ""Positive""}]",I enjoyed the extra time to meet new people and socialize,10.0,7.0,10.0,10.0,5.0,10.0,7.5,10.0,10.0,7.5,5.0,7.5,7.5,7.5,7.5,7.5,7.5,7.5,7.5,5.0,7.5,7.5,7.5,7.5,Promoter,Passive,Promoter,Promoter,Detractor,Promoter,Medium,High,High,Medium,Medium,Medium,Medium,Medium,Medium,Medium,Medium,Medium,Medium,Medium,Medium,Medium,Medium,Medium
55,College of Arts & Letters,Positive,"[""Session Timing & Duration"", ""Organization & Flow"", ""Suggestions/Requests""]","[{""theme"": ""Session Timing & Duration"", ""sentiment"": ""Positive""}, {""theme"": ""Organization & Flow"", ""sentiment"": ""Positive""}, {""theme"": ""Suggestions/Requests"", ""sentiment"": ""Positive""}]",The experience was amazing,10.0,10.0,10.0,10.0,10.0,10.0,10.0,10.0,10.0,7.5,7.5,7.5,7.5,7.5,7.5,7.5,7.5,7.5,7.5,7.5,7.5,7.5,7.5,7.5,Promoter,Promoter,Promoter,Promoter,Promoter,Promoter,High,High,High,Medium,Medium,Medium,Medium,Medium,Medium,Medium,Medium,Medium,Medium,Medium,Medium,Medium,Medium,Medium
56,Keough School of Global Affairs,Positive,"[""Session Timing & Duration"", ""Speaker/Facilitator Quality"", ""Content Relevance & Applicability"", ""Keynotes"", ""Suggestions/Requests""]","[{""theme"": ""Session Timing & Duration"", ""sentiment"": ""Positive""}, {""theme"": ""Speaker/Facilitator Quality"", ""sentiment"": ""Positive""}, {""theme"": ""Content Relevance & Applicability"", ""sentiment"": ""Positive""}, {""theme"": ""Keynotes"", ""sentiment"": ""Positive""}, {""theme"": ""Suggestions/Requests"", ""sentiment"": ""Positive""}]",I think the breaks were too long,4.0,2.0,5.0,7.0,7.0,10.0,5.0,10.0,2.5,5.0,2.5,2.5,7.5,7.5,5.0,7.5,7.5,5.0,7.5,7.5,7.5,7.5,7.5,7.5,Detractor,Detractor,Detractor,Passive,Passive,Promoter,Medium,High,Low,Medium,Low,Low,Medium,Medium,Medium,Medium,Medium,Medium,Medium,Medium,Medium,Medium,Medium,Medium
57,College of Arts & Letters,Positive,"[""Session Timing & Duration"", ""Content Relevance & Applicability"", ""Keynotes"", ""Breakouts"", ""Suggestions/Requests""]","[{""theme"": ""Session Timing & Duration"", ""sentiment"": ""Positive""}, {""theme"": ""Content Relevance & Applicability"", ""sentiment"": ""Positive""}, {""theme"": ""Keynotes"", ""sentiment"": ""Positive""}, {""theme"": ""Breakouts"", ""sentiment"": ""Positive""}, {""theme"": ""Suggestions/Requests"", ""sentiment"": ""Positive""}]","I enjoyed the day overall, but felt like there was a little more downtime between sessions than I expected",8.0,5.0,8.0,7.0,9.0,10.0,7.5,10.0,7.5,5.0,2.5,5.0,7.5,7.5,7.5,7.5,7.5,7.5,7.5,7.5,7.5,7.5,7.5,7.5,Passive,Detractor,Passive,Passive,Promoter,Promoter,Medium,High,Medium,Medium,Low,Medium,Medium,Medium,Medium,Medium,Medium,Medium,Medium,Medium,Medium,Medium,Medium,Medium
58,Keough School of Global Affairs,Positive,"[""Session Timing & Duration"", ""Speaker/Facilitator Quality"", ""Content Relevance & Applicability"", ""Networking/Peer Interaction"", ""Keynotes"", ""Breakouts"", ""Lunch/Fireside"", ""Suggestions/Requests""]","[{""theme"": ""Session Timing & Duration"", ""sentiment"": ""Positive""}, {""theme"": ""Speaker/Facilitator Quality"", ""sentiment"": ""Positive""}, {""theme"": ""Content Relevance & Applicability"", ""sentiment"": ""Positive""}, {""theme"": ""Networking/Peer Interaction"", ""sentiment"": ""Positive""}, {""theme"": ""Keynotes"", ""sentiment"": ""Positive""}, {""theme"": ""Breakouts"", ""sentiment"": ""Positive""}, {""theme"": ""Lunch/Fireside"", ""sentiment"": ""Positive""}, {""theme"": ""Suggestions/Requests"", ""sentiment"": ""Positive""}]",The overall event was very helpful from my perspective,8.0,6.0,10.0,10.0,10.0,10.0,7.5,10.0,10.0,5.0,5.0,5.0,7.5,7.5,7.5,7.5,7.5,7.5,7.5,2.5,7.5,7.5,7.5,7.5,Passive,Detractor,Promoter,Promoter,Promoter,Promoter,Medium,High,High,Medium,Medium,Medium,Medium,Medium,Medium,Medium,Medium,Medium,Medium,Low,Medium,Medium,Medium,Medium
59,Mendoza College of Business,Positive,"[""Lunch/Fireside""]","[{""theme"": ""Lunch/Fireside"", ""sentiment"": ""Positive""}]","Would have loved to have the Google Sheets presentation focus on creating Infographics Focus groups on using AI to create efficiencies (operational, data collection, student...",10.0,10.0,10.0,5.0,10.0,10.0,10.0,10.0,7.5,7.5,7.5,7.5,7.5,7.5,7.5,5.0,5.0,5.0,7.5,7.5,2.5,7.5,7.5,7.5,Promoter,Promoter,Promoter,Detractor,Promoter,Promoter,High,High,Medium,Medium,Medium,Medium,Medium,Medium,Medium,Medium,Medium,Medium,Medium,Medium,Low,Medium,Medium,Medium
60,Mendoza College of Business,Neutral,"[""Session Timing & Duration"", ""Speaker/Facilitator Quality"", ""Content Relevance & Applicability"", ""Venue & Logistics"", ""Keynotes"", ""Breakouts"", ""Lunch/Fireside"", ""Suggestions/Requests""]","[{""theme"": ""Session Timing & Duration"", ""sentiment"": ""Neutral""}, {""theme"": ""Speaker/Facilitator Quality"", ""sentiment"": ""Neutral""}, {""theme"": ""Content Relevance & Applicability"", ""sentiment"": ""Neutral""}, {""theme"": ""Venue & Logistics"", ""sentiment"": ""Neutral""}, {""theme"": ""Keynotes"", ""sentiment"": ""Neutral""}, {""theme"": ""Breakouts"", ""sentiment"": ""Neutral""}, {""theme"": ""Lunch/Fireside"", ""sentiment"": ""Neutral""}, {""theme"": ""Suggestions/Requests"", ""sentiment"": ""Neutral""}]","In terms of logistics, I felt very cramped at our table, more space or less chairs to a table would have been more comfortable",9.0,9.0,9.0,9.0,9.0,9.0,5.0,7.5,7.5,7.5,7.5,7.5,7.5,7.5,7.5,7.5,7.5,7.5,7.5,7.5,7.5,7.5,7.5,7.5,Promoter,Promoter,Promoter,Promoter,Promoter,Promoter,Medium,Medium,Medium,Medium,Medium,Medium,Medium,Medium,Medium,Medium,Medium,Medium,Medium,Medium,Medium,Medium,Medium,Medium
61,ND Research,Neutral,[],[],,8.0,9.0,9.0,10.0,9.0,9.0,10.0,10.0,10.0,7.5,7.5,7.5,7.5,7.5,7.5,7.5,7.5,7.5,7.5,7.5,7.5,7.5,7.5,7.5,Passive,Promoter,Promoter,Promoter,Promoter,Promoter,High,High,High,Medium,Medium,Medium,Medium,Medium,Medium,Medium,Medium,Medium,Medium,Medium,Medium,Medium,Medium,Medium
62,ND Research,Negative,"[""Venue & Logistics"", ""Keynotes"", ""Breakouts"", ""Lunch/Fireside""]","[{""theme"": ""Venue & Logistics"", ""sentiment"": ""Negative""}, {""theme"": ""Keynotes"", ""sentiment"": ""Negative""}, {""theme"": ""Breakouts"", ""sentiment"": ""Negative""}, {""theme"": ""Lunch/Fireside"", ""sentiment"": ""Negative""}]","Lunches were not clearly labelled, i",10.0,6.0,8.0,10.0,10.0,10.0,7.5,7.5,7.5,7.5,5.0,7.5,7.5,7.5,7.5,7.5,7.5,7.5,7.5,7.5,7.5,7.5,7.5,7.5,Promoter,Detractor,Passive,Promoter,Promoter,Promoter,Medium,Medium,Medium,Medium,Medium,Medium,Medium,Medium,Medium,Medium,Medium,Medium,Medium,Medium,Medium,Medium,Medium,Medium
63,ND Research,Positive,"[""Session Timing & Duration"", ""Content Relevance & Applicability"", ""Networking/Peer Interaction"", ""Venue & Logistics"", ""Breakouts"", ""Lunch/Fireside"", ""Suggestions/Requests""]","[{""theme"": ""Session Timing & Duration"", ""sentiment"": ""Positive""}, {""theme"": ""Content Relevance & Applicability"", ""sentiment"": ""Positive""}, {""theme"": ""Networking/Peer Interaction"", ""sentiment"": ""Positive""}, {""theme"": ""Venue & Logistics"", ""sentiment"": ""Positive""}, {""theme"": ""Breakouts"", ""sentiment"": ""Positive""}, {""theme"": ""Lunch/Fireside"", ""sentiment"": ""Positive""}, {""theme"": ""Suggestions/Requests"", ""sentiment"": ""Positive""}]",Pleasant environment with maybe too much time for networking,6.0,7.0,9.0,6.0,7.0,5.0,7.5,10.0,7.5,7.5,7.5,7.5,7.5,7.5,7.5,7.5,7.5,5.0,7.5,7.5,7.5,5.0,5.0,5.0,Detractor,Passive,Promoter,Detractor,Passive,Detractor,Medium,High,Medium,Medium,Medium,Medium,Medium,Medium,Medium,Medium,Medium,Medium,Medium,Medium,Medium,Medium,Medium,Medium
64,ND Research,Neutral,"[""Session Timing & Duration"", ""Speaker/Facilitator Quality"", ""Keynotes"", ""Breakouts""]","[{""theme"": ""Session Timing & Duration"", ""sentiment"": ""Neutral""}, {""theme"": ""Speaker/Facilitator Quality"", ""sentiment"": ""Neutral""}, {""theme"": ""Keynotes"", ""sentiment"": ""Neutral""}, {""theme"": ""Breakouts"", ""sentiment"": ""Neutral""}]",Too much downtime between sessions,9.0,10.0,6.0,5.0,9.0,7.0,7.5,10.0,10.0,7.5,7.5,7.5,7.5,7.5,7.5,5.0,5.0,5.0,7.5,7.5,7.5,7.5,7.5,7.5,Promoter,Promoter,Detractor,Detractor,Promoter,Passive,Medium,High,High,Medium,Medium,Medium,Medium,Medium,Medium,Medium,Medium,Medium,Medium,Medium,Medium,Medium,Medium,Medium
65,ND Research,Neutral,"[""Session Timing & Duration"", ""Speaker/Facilitator Quality"", ""Content Relevance & Applicability"", ""Networking/Peer Interaction"", ""Venue & Logistics"", ""Keynotes"", ""Breakouts"", ""Lunch/Fireside"", ""Suggestions/Requests""]","[{""theme"": ""Session Timing & Duration"", ""sentiment"": ""Neutral""}, {""theme"": ""Speaker/Facilitator Quality"", ""sentiment"": ""Neutral""}, {""theme"": ""Content Relevance & Applicability"", ""sentiment"": ""Neutral""}, {""theme"": ""Networking/Peer Interaction"", ""sentiment"": ""Neutral""}, {""theme"": ""Venue & Logistics"", ""sentiment"": ""Neutral""}, {""theme"": ""Keynotes"", ""sentiment"": ""Neutral""}, {""theme"": ""Breakouts"", ""sentiment"": ""Neutral""}, {""theme"": ""Lunch/Fireside"", ""sentiment"": ""Neutral""}, {""theme"": ""Suggestions/Requests"", ""sentiment"": ""Neutral""}]",The timing for the entire day felt off,8.0,7.0,3.0,5.0,9.0,8.0,5.0,10.0,7.5,7.5,2.5,7.5,2.5,7.5,7.5,7.5,7.5,7.5,7.5,2.5,7.5,7.5,2.5,7.5,Passive,Passive,Detractor,Detractor,Promoter,Passive,Medium,High,Medium,Medium,Low,Medium,Low,Medium,Medium,Medium,Medium,Medium,Medium,Low,Medium,Medium,Low,Medium
66,College of Arts & Letters,Neutral,"[""Session Timing & Duration"", ""Speaker/Facilitator Quality"", ""Content Relevance & Applicability""]","[{""theme"": ""Session Timing & Duration"", ""sentiment"": ""Neutral""}, {""theme"": ""Speaker/Facilitator Quality"", ""sentiment"": ""Neutral""}, {""theme"": ""Content Relevance & Applicability"", ""sentiment"": ""Neutral""}]",The afternoon break out was informative as an introduction but not the most relevant to my position,10.0,8.0,8.0,7.0,10.0,7.0,7.5,10.0,7.5,7.5,7.5,7.5,7.5,2.5,7.5,7.5,7.5,2.5,7.5,7.5,7.5,7.5,7.5,2.5,Promoter,Passive,Passive,Passive,Promoter,Passive,Medium,High,Medium,Medium,Medium,Medium,Medium,Low,Medium,Medium,Medium,Low,Medium,Medium,Medium,Medium,Medium,Low
67,ND Research,Neutral,[],[],,10.0,7.0,10.0,10.0,10.0,10.0,10.0,7.5,10.0,7.5,7.5,7.5,7.5,7.5,7.5,7.5,7.5,7.5,7.5,7.5,7.5,7.5,7.5,7.5,Promoter,Passive,Promoter,Promoter,Promoter,Promoter,High,Medium,High,Medium,Medium,Medium,Medium,Medium,Medium,Medium,Medium,Medium,Medium,Medium,Medium,Medium,Medium,Medium
68,ND Research,Neutral,"[""Speaker/Facilitator Quality"", ""Lunch/Fireside"", ""Suggestions/Requests""]","[{""theme"": ""Speaker/Facilitator Quality"", ""sentiment"": ""Neutral""}, {""theme"": ""Lunch/Fireside"", ""sentiment"": ""Neutral""}, {""theme"": ""Suggestions/Requests"", ""sentiment"": ""Neutral""}]","Well done, informative conference",10.0,10.0,10.0,10.0,10.0,10.0,7.5,10.0,7.5,7.5,7.5,7.5,7.5,7.5,7.5,7.5,7.5,7.5,7.5,7.5,7.5,7.5,7.5,7.5,Promoter,Promoter,Promoter,Promoter,Promoter,Promoter,Medium,High,Medium,Medium,Medium,Medium,Medium,Medium,Medium,Medium,Medium,Medium,Medium,Medium,Medium,Medium,Medium,Medium
69,ND Research,Positive,"[""Networking/Peer Interaction""]","[{""theme"": ""Networking/Peer Interaction"", ""sentiment"": ""Positive""}]",great networking event,7.0,6.0,8.0,7.0,7.0,8.0,7.5,10.0,10.0,7.5,2.5,7.5,7.5,5.0,7.5,5.0,5.0,5.0,7.5,7.5,7.5,7.5,7.5,7.5,Passive,Detractor,Passive,Passive,Passive,Passive,Medium,High,High,Medium,Low,Medium,Medium,Medium,Medium,Medium,Medium,Medium,Medium,Medium,Medium,Medium,Medium,Medium
70,ND Research,Neutral,[],[],,10.0,9.0,9.0,10.0,9.0,8.0,7.5,5.0,5.0,7.5,7.5,7.5,7.5,7.5,5.0,7.5,7.5,7.5,7.5,7.5,7.5,7.5,7.5,7.5,Promoter,Promoter,Promoter,Promoter,Promoter,Passive,Medium,Medium,Medium,Medium,Medium,Medium,Medium,Medium,Medium,Medium,Medium,Medium,Medium,Medium,Medium,Medium,Medium,Medium
71,ND Research,Positive,"[""Session Timing & Duration"", ""Venue & Logistics"", ""Breakouts"", ""Lunch/Fireside""]","[{""theme"": ""Session Timing & Duration"", ""sentiment"": ""Positive""}, {""theme"": ""Venue & Logistics"", ""sentiment"": ""Positive""}, {""theme"": ""Breakouts"", ""sentiment"": ""Positive""}, {""theme"": ""Lunch/Fireside"", ""sentiment"": ""Positive""}]",There seemed to be a lot of downtime in between sessions,8.0,10.0,10.0,10.0,10.0,10.0,7.5,10.0,7.5,7.5,7.5,7.5,7.5,7.5,7.5,7.5,7.5,7.5,7.5,7.5,7.5,7.5,7.5,7.5,Passive,Promoter,Promoter,Promoter,Promoter,Promoter,Medium,High,Medium,Medium,Medium,Medium,Medium,Medium,Medium,Medium,Medium,Medium,Medium,Medium,Medium,Medium,Medium,Medium
72,College of Science,Neutral,[],[],,5.0,8.0,7.0,8.0,5.0,8.0,7.5,10.0,7.5,7.5,7.5,7.5,7.5,7.5,7.5,7.5,7.5,7.5,7.5,7.5,5.0,7.5,7.5,7.5,Detractor,Passive,Passive,Passive,Detractor,Passive,Medium,High,Medium,Medium,Medium,Medium,Medium,Medium,Medium,Medium,Medium,Medium,Medium,Medium,Medium,Medium,Medium,Medium
73,ND Research,Neutral,"[""Session Timing & Duration"", ""Content Relevance & Applicability"", ""Breakouts""]","[{""theme"": ""Session Timing & Duration"", ""sentiment"": ""Neutral""}, {""theme"": ""Content Relevance & Applicability"", ""sentiment"": ""Neutral""}, {""theme"": ""Breakouts"", ""sentiment"": ""Neutral""}]",Its hard to create general content to cover such a diverse audience,7.0,4.0,9.0,6.0,9.0,10.0,7.5,10.0,5.0,5.0,7.5,2.5,7.5,7.5,7.5,7.5,7.5,5.0,7.5,2.5,7.5,7.5,5.0,7.5,Passive,Detractor,Promoter,Detractor,Promoter,Promoter,Medium,High,Medium,Medium,Medium,Low,Medium,Medium,Medium,Medium,Medium,Medium,Medium,Low,Medium,Medium,Medium,Medium
74,Mendoza College of Business,Neutral,[],[],,6.0,9.0,5.0,10.0,8.0,10.0,10.0,10.0,5.0,7.5,7.5,7.5,5.0,5.0,5.0,7.5,7.5,7.5,7.5,7.5,7.5,7.5,7.5,7.5,Detractor,Promoter,Detractor,Promoter,Passive,Promoter,High,High,Medium,Medium,Medium,Medium,Medium,Medium,Medium,Medium,Medium,Medium,Medium,Medium,Medium,Medium,Medium,Medium
75,College of Science,Positive,"[""Session Timing & Duration"", ""Speaker/Facilitator Quality"", ""Keynotes"", ""Breakouts"", ""Suggestions/Requests""]","[{""theme"": ""Session Timing & Duration"", ""sentiment"": ""Positive""}, {""theme"": ""Speaker/Facilitator Quality"", ""sentiment"": ""Positive""}, {""theme"": ""Keynotes"", ""sentiment"": ""Positive""}, {""theme"": ""Breakouts"", ""sentiment"": ""Positive""}, {""theme"": ""Suggestions/Requests"", ""sentiment"": ""Positive""}]",I would have loved to have had more time in the breakout sessions and maybe only one keynote speaker,8.0,6.0,8.0,8.0,10.0,6.0,5.0,10.0,7.5,7.5,2.5,7.5,7.5,7.5,7.5,7.5,7.5,7.5,7.5,2.5,7.5,7.5,2.5,7.5,Passive,Detractor,Passive,Passive,Promoter,Detractor,Medium,High,Medium,Medium,Low,Medium,Medium,Medium,Medium,Medium,Medium,Medium,Medium,Low,Medium,Medium,Low,Medium
76,College of Science,Negative,"[""Session Timing & Duration"", ""Speaker/Facilitator Quality"", ""Venue & Logistics"", ""Breakouts"", ""Lunch/Fireside"", ""Suggestions/Requests""]","[{""theme"": ""Session Timing & Duration"", ""sentiment"": ""Negative""}, {""theme"": ""Speaker/Facilitator Quality"", ""sentiment"": ""Negative""}, {""theme"": ""Venue & Logistics"", ""sentiment"": ""Negative""}, {""theme"": ""Breakouts"", ""sentiment"": ""Negative""}, {""theme"": ""Lunch/Fireside"", ""sentiment"": ""Negative""}, {""theme"": ""Suggestions/Requests"", ""sentiment"": ""Negative""}]",The 45 minute break between the morning speaker and the breakout sessions felt a little long,10.0,10.0,10.0,5.0,10.0,5.0,7.5,10.0,10.0,7.5,7.5,7.5,2.5,7.5,7.5,5.0,5.0,5.0,7.5,7.5,7.5,5.0,5.0,5.0,Promoter,Promoter,Promoter,Detractor,Promoter,Detractor,Medium,High,High,Medium,Medium,Medium,Low,Medium,Medium,Medium,Medium,Medium,Medium,Medium,Medium,Medium,Medium,Medium
77,College of Science,Positive,"[""Session Timing & Duration"", ""Keynotes"", ""Breakouts"", ""Lunch/Fireside""]","[{""theme"": ""Session Timing & Duration"", ""sentiment"": ""Positive""}, {""theme"": ""Keynotes"", ""sentiment"": ""Positive""}, {""theme"": ""Breakouts"", ""sentiment"": ""Positive""}, {""theme"": ""Lunch/Fireside"", ""sentiment"": ""Positive""}]",Stuart MacDonald was fantastic and delivered actionable insights,8.0,5.0,8.0,10.0,10.0,10.0,7.5,10.0,7.5,7.5,5.0,7.5,7.5,7.5,7.5,7.5,7.5,7.5,7.5,7.5,7.5,7.5,7.5,7.5,Passive,Detractor,Passive,Promoter,Promoter,Promoter,Medium,High,Medium,Medium,Medium,Medium,Medium,Medium,Medium,Medium,Medium,Medium,Medium,Medium,Medium,Medium,Medium,Medium
78,College of Science,Neutral,"[""Session Timing & Duration"", ""Speaker/Facilitator Quality"", ""Keynotes"", ""Breakouts"", ""Suggestions/Requests""]","[{""theme"": ""Session Timing & Duration"", ""sentiment"": ""Neutral""}, {""theme"": ""Speaker/Facilitator Quality"", ""sentiment"": ""Neutral""}, {""theme"": ""Keynotes"", ""sentiment"": ""Neutral""}, {""theme"": ""Breakouts"", ""sentiment"": ""Neutral""}, {""theme"": ""Suggestions/Requests"", ""sentiment"": ""Neutral""}]",Katie DeWulf's speech felt like it was geared more towards corporate life and those in a higher tax bracket,9.0,4.0,8.0,9.0,10.0,7.0,7.5,10.0,10.0,7.5,7.5,2.5,7.5,2.5,7.5,7.5,7.5,7.5,7.5,2.5,7.5,7.5,2.5,7.5,Promoter,Detractor,Passive,Promoter,Promoter,Passive,Medium,High,High,Medium,Medium,Low,Medium,Low,Medium,Medium,Medium,Medium,Medium,Low,Medium,Medium,Low,Medium
79,College of Arts & Letters,Neutral,[],[],,10.0,7.0,10.0,9.0,10.0,5.0,7.5,10.0,7.5,7.5,7.5,7.5,7.5,7.5,7.5,7.5,7.5,7.5,7.5,7.5,7.5,7.5,7.5,7.5,Promoter,Passive,Promoter,Promoter,Promoter,Detractor,Medium,High,Medium,Medium,Medium,Medium,Medium,Medium,Medium,Medium,Medium,Medium,Medium,Medium,Medium,Medium,Medium,Medium
80,ND Research,Positive,"[""Networking/Peer Interaction"", ""Suggestions/Requests""]","[{""theme"": ""Networking/Peer Interaction"", ""sentiment"": ""Positive""}, {""theme"": ""Suggestions/Requests"", ""sentiment"": ""Positive""}]","I expected more opportunities to really connect with the other people at my assigned table, and across my division",7.0,7.0,7.0,8.0,9.0,10.0,7.5,10.0,10.0,7.5,7.5,7.5,7.5,7.5,5.0,7.5,7.5,7.5,7.5,2.5,7.5,7.5,7.5,7.5,Passive,Passive,Passive,Passive,Promoter,Promoter,Medium,High,High,Medium,Medium,Medium,Medium,Medium,Medium,Medium,Medium,Medium,Medium,Low,Medium,Medium,Medium,Medium
81,Mendoza College of Business,Neutral,[],[],,6.0,10.0,7.0,10.0,8.0,10.0,10.0,10.0,7.5,7.5,7.5,7.5,7.5,7.5,7.5,7.5,7.5,7.5,7.5,7.5,7.5,7.5,7.5,7.5,Detractor,Promoter,Passive,Promoter,Passive,Promoter,High,High,Medium,Medium,Medium,Medium,Medium,Medium,Medium,Medium,Medium,Medium,Medium,Medium,Medium,Medium,Medium,Medium
82,ND Research,Positive,"[""Session Timing & Duration"", ""Speaker/Facilitator Quality"", ""Content Relevance & Applicability"", ""Keynotes""]","[{""theme"": ""Session Timing & Duration"", ""sentiment"": ""Positive""}, {""theme"": ""Speaker/Facilitator Quality"", ""sentiment"": ""Positive""}, {""theme"": ""Content Relevance & Applicability"", ""sentiment"": ""Positive""}, {""theme"": ""Keynotes"", ""sentiment"": ""Positive""}]","Everything was great, I think the timing was off a bit in some areas",10.0,8.0,9.0,10.0,8.0,7.0,7.5,10.0,10.0,7.5,7.5,7.5,7.5,7.5,7.5,7.5,7.5,7.5,7.5,2.5,7.5,7.5,5.0,7.5,Promoter,Passive,Promoter,Promoter,Passive,Passive,Medium,High,High,Medium,Medium,Medium,Medium,Medium,Medium,Medium,Medium,Medium,Medium,Low,Medium,Medium,Medium,Medium
83,College of Arts & Letters,Neutral,"[""Session Timing & Duration"", ""Speaker/Facilitator Quality"", ""Content Relevance & Applicability"", ""Venue & Logistics"", ""Keynotes"", ""Lunch/Fireside"", ""Suggestions/Requests""]","[{""theme"": ""Session Timing & Duration"", ""sentiment"": ""Neutral""}, {""theme"": ""Speaker/Facilitator Quality"", ""sentiment"": ""Neutral""}, {""theme"": ""Content Relevance & Applicability"", ""sentiment"": ""Neutral""}, {""theme"": ""Venue & Logistics"", ""sentiment"": ""Neutral""}, {""theme"": ""Keynotes"", ""sentiment"": ""Neutral""}, {""theme"": ""Lunch/Fireside"", ""sentiment"": ""Neutral""}, {""theme"": ""Suggestions/Requests"", ""sentiment"": ""Neutral""}]",The day could have started at 8:30 (breakfast)/9am (welcome speaker),10.0,10.0,10.0,10.0,10.0,10.0,7.5,10.0,7.5,7.5,2.5,7.5,7.5,2.5,7.5,7.5,7.5,7.5,7.5,7.5,7.5,7.5,7.5,7.5,Promoter,Promoter,Promoter,Promoter,Promoter,Promoter,Medium,High,Medium,Medium,Low,Medium,Medium,Low,Medium,Medium,Medium,Medium,Medium,Medium,Medium,Medium,Medium,Medium
84,College of Arts & Letters,Neutral,"[""Session Timing & Duration"", ""Speaker/Facilitator Quality"", ""Content Relevance & Applicability"", ""Networking/Peer Interaction"", ""Venue & Logistics"", ""Keynotes"", ""Breakouts"", ""Lunch/Fireside"", ""Suggestions/Requests""]","[{""theme"": ""Session Timing & Duration"", ""sentiment"": ""Neutral""}, {""theme"": ""Speaker/Facilitator Quality"", ""sentiment"": ""Neutral""}, {""theme"": ""Content Relevance & Applicability"", ""sentiment"": ""Neutral""}, {""theme"": ""Networking/Peer Interaction"", ""sentiment"": ""Neutral""}, {""theme"": ""Venue & Logistics"", ""sentiment"": ""Neutral""}, {""theme"": ""Keynotes"", ""sentiment"": ""Neutral""}, {""theme"": ""Breakouts"", ""sentiment"": ""Neutral""}, {""theme"": ""Lunch/Fireside"", ""sentiment"": ""Neutral""}, {""theme"": ""Suggestions/Requests"", ""sentiment"": ""Neutral""}]","I think that overall, the day was a good experience and I very much appreciate the time and effort that went into organizing it and...",7.0,4.0,1.0,9.0,7.0,8.0,5.0,10.0,7.5,2.5,2.5,2.5,2.5,2.5,2.5,7.5,7.5,7.5,7.5,2.5,7.5,7.5,2.5,7.5,Passive,Detractor,Detractor,Promoter,Passive,Passive,Medium,High,Medium,Low,Low,Low,Low,Low,Low,Medium,Medium,Medium,Medium,Low,Medium,Medium,Low,Medium
85,ND Research,Neutral,[],[],,8.0,8.0,10.0,6.0,10.0,9.0,10.0,10.0,7.5,7.5,7.5,7.5,7.5,7.5,7.5,7.5,7.5,7.5,7.5,2.5,7.5,7.5,7.5,7.5,Passive,Passive,Promoter,Detractor,Promoter,Promoter,High,High,Medium,Medium,Medium,Medium,Medium,Medium,Medium,Medium,Medium,Medium,Medium,Low,Medium,Medium,Medium,Medium
86,College of Science,Neutral,"[""Keynotes"", ""Breakouts"", ""Suggestions/Requests""]","[{""theme"": ""Keynotes"", ""sentiment"": ""Neutral""}, {""theme"": ""Breakouts"", ""sentiment"": ""Neutral""}, {""theme"": ""Suggestions/Requests"", ""sentiment"": ""Neutral""}]","Regarding the entire event, I really like the focus on interpersonal issues and communication strategies",8.0,10.0,5.0,3.0,10.0,10.0,7.5,10.0,7.5,7.5,7.5,7.5,7.5,7.5,7.5,5.0,2.5,5.0,7.5,7.5,7.5,7.5,7.5,7.5,Passive,Promoter,Detractor,Detractor,Promoter,Promoter,Medium,High,Medium,Medium,Medium,Medium,Medium,Medium,Medium,Medium,Low,Medium,Medium,Medium,Medium,Medium,Medium,Medium
87,Keough School of Global Affairs,Neutral,"[""Speaker/Facilitator Quality"", ""Content Relevance & Applicability"", ""Networking/Peer Interaction"", ""Suggestions/Requests""]","[{""theme"": ""Speaker/Facilitator Quality"", ""sentiment"": ""Neutral""}, {""theme"": ""Content Relevance & Applicability"", ""sentiment"": ""Neutral""}, {""theme"": ""Networking/Peer Interaction"", ""sentiment"": ""Neutral""}, {""theme"": ""Suggestions/Requests"", ""sentiment"": ""Neutral""}]",The first speaker seemed to finish earlier than expected,10.0,0.0,8.0,10.0,8.0,8.0,7.5,10.0,10.0,7.5,5.0,2.5,7.5,7.5,7.5,7.5,7.5,7.5,7.5,2.5,7.5,7.5,7.5,7.5,Promoter,Detractor,Passive,Promoter,Passive,Passive,Medium,High,High,Medium,Medium,Low,Medium,Medium,Medium,Medium,Medium,Medium,Medium,Low,Medium,Medium,Medium,Medium
88,College of Arts & Letters,Positive,"[""Session Timing & Duration"", ""Breakouts"", ""Lunch/Fireside"", ""Suggestions/Requests""]","[{""theme"": ""Session Timing & Duration"", ""sentiment"": ""Positive""}, {""theme"": ""Breakouts"", ""sentiment"": ""Positive""}, {""theme"": ""Lunch/Fireside"", ""sentiment"": ""Positive""}, {""theme"": ""Suggestions/Requests"", ""sentiment"": ""Positive""}]",There were some larger gaps of free time throughout the day between sessions that could potentially be eliminated,10.0,10.0,2.0,10.0,10.0,10.0,7.5,10.0,10.0,7.5,7.5,7.5,2.5,5.0,5.0,7.5,7.5,7.5,7.5,7.5,7.5,7.5,7.5,7.5,Promoter,Promoter,Detractor,Promoter,Promoter,Promoter,Medium,High,High,Medium,Medium,Medium,Low,Medium,Medium,Medium,Medium,Medium,Medium,Medium,Medium,Medium,Medium,Medium
89,College of Arts & Letters,Positive,"[""Session Timing & Duration""]","[{""theme"": ""Session Timing & Duration"", ""sentiment"": ""Positive""}]","Overall great day, just felt a little long",8.0,8.0,10.0,8.0,9.0,8.0,7.5,10.0,5.0,7.5,7.5,7.5,7.5,7.5,7.5,7.5,7.5,7.5,7.5,7.5,7.5,7.5,7.5,7.5,Passive,Passive,Promoter,Passive,Promoter,Passive,Medium,High,Medium,Medium,Medium,Medium,Medium,Medium,Medium,Medium,Medium,Medium,Medium,Medium,Medium,Medium,Medium,Medium
90,Mendoza College of Business,Negative,"[""Session Timing & Duration"", ""Speaker/Facilitator Quality"", ""Content Relevance & Applicability"", ""Breakouts"", ""Lunch/Fireside"", ""Suggestions/Requests""]","[{""theme"": ""Session Timing & Duration"", ""sentiment"": ""Negative""}, {""theme"": ""Speaker/Facilitator Quality"", ""sentiment"": ""Negative""}, {""theme"": ""Content Relevance & Applicability"", ""sentiment"": ""Negative""}, {""theme"": ""Breakouts"", ""sentiment"": ""Negative""}, {""theme"": ""Lunch/Fireside"", ""sentiment"": ""Negative""}, {""theme"": ""Suggestions/Requests"", ""sentiment"": ""Negative""}]",There was a lot of downtime throughout the day yet both breakout sessions felt rushed and presenters ran out of time or had to skip...,2.0,3.0,7.0,7.0,3.0,2.0,2.5,7.5,2.5,2.5,5.0,5.0,7.5,7.5,7.5,7.5,2.5,5.0,2.5,2.5,5.0,5.0,2.5,2.5,Detractor,Detractor,Passive,Passive,Detractor,Detractor,Low,Medium,Low,Low,Medium,Medium,Medium,Medium,Medium,Medium,Low,Medium,Low,Low,Medium,Medium,Low,Low
91,College of Arts & Letters,Positive,"[""Session Timing & Duration"", ""Networking/Peer Interaction"", ""Breakouts"", ""Suggestions/Requests""]","[{""theme"": ""Session Timing & Duration"", ""sentiment"": ""Positive""}, {""theme"": ""Networking/Peer Interaction"", ""sentiment"": ""Positive""}, {""theme"": ""Breakouts"", ""sentiment"": ""Positive""}, {""theme"": ""Suggestions/Requests"", ""sentiment"": ""Positive""}]",I thought that this was a very insightful and fun development day,9.0,10.0,9.0,10.0,9.0,10.0,10.0,5.0,5.0,7.5,7.5,7.5,7.5,7.5,7.5,7.5,7.5,7.5,7.5,7.5,7.5,7.5,7.5,7.5,Promoter,Promoter,Promoter,Promoter,Promoter,Promoter,High,Medium,Medium,Medium,Medium,Medium,Medium,Medium,Medium,Medium,Medium,Medium,Medium,Medium,Medium,Medium,Medium,Medium
92,College of Science,Positive,"[""Session Timing & Duration"", ""Speaker/Facilitator Quality"", ""Content Relevance & Applicability"", ""Networking/Peer Interaction"", ""Keynotes""]","[{""theme"": ""Session Timing & Duration"", ""sentiment"": ""Positive""}, {""theme"": ""Speaker/Facilitator Quality"", ""sentiment"": ""Positive""}, {""theme"": ""Content Relevance & Applicability"", ""sentiment"": ""Positive""}, {""theme"": ""Networking/Peer Interaction"", ""sentiment"": ""Positive""}, {""theme"": ""Keynotes"", ""sentiment"": ""Positive""}]","I enjoyed the timing of Stuart McDonald's portion - it was the afternoon, attention was waning, people were tired and his act was engaging and...",9.0,7.0,9.0,8.0,9.0,8.0,7.5,10.0,10.0,7.5,7.5,7.5,7.5,7.5,7.5,7.5,7.5,5.0,7.5,7.5,7.5,7.5,7.5,7.5,Promoter,Passive,Promoter,Passive,Promoter,Passive,Medium,High,High,Medium,Medium,Medium,Medium,Medium,Medium,Medium,Medium,Medium,Medium,Medium,Medium,Medium,Medium,Medium
93,ND Research,Neutral,"[""Speaker/Facilitator Quality"", ""Content Relevance & Applicability"", ""Networking/Peer Interaction"", ""Breakouts"", ""Suggestions/Requests""]","[{""theme"": ""Speaker/Facilitator Quality"", ""sentiment"": ""Neutral""}, {""theme"": ""Content Relevance & Applicability"", ""sentiment"": ""Neutral""}, {""theme"": ""Networking/Peer Interaction"", ""sentiment"": ""Neutral""}, {""theme"": ""Breakouts"", ""sentiment"": ""Neutral""}, {""theme"": ""Suggestions/Requests"", ""sentiment"": ""Neutral""}]","Fresh speakers, new topics",7.0,3.0,5.0,9.0,2.0,2.0,7.5,7.5,7.5,5.0,2.5,5.0,5.0,7.5,7.5,7.5,7.5,7.5,2.5,7.5,2.5,2.5,7.5,2.5,Passive,Detractor,Detractor,Promoter,Detractor,Detractor,Medium,Medium,Medium,Medium,Low,Medium,Medium,Medium,Medium,Medium,Medium,Medium,Low,Medium,Low,Low,Medium,Low
94,ND Research,Neutral,[],[],,10.0,9.0,9.0,10.0,10.0,8.0,10.0,10.0,10.0,7.5,7.5,7.5,7.5,7.5,7.5,7.5,7.5,7.5,7.5,7.5,7.5,7.5,7.5,7.5,Promoter,Promoter,Promoter,Promoter,Promoter,Passive,High,High,High,Medium,Medium,Medium,Medium,Medium,Medium,Medium,Medium,Medium,Medium,Medium,Medium,Medium,Medium,Medium
95,Mendoza College of Business,Neutral,[],[],,8.0,9.0,7.0,10.0,8.0,10.0,5.0,10.0,7.5,7.5,2.5,7.5,5.0,7.5,7.5,7.5,7.5,7.5,7.5,7.5,7.5,7.5,7.5,7.5,Passive,Promoter,Passive,Promoter,Passive,Promoter,Medium,High,Medium,Medium,Low,Medium,Medium,Medium,Medium,Medium,Medium,Medium,Medium,Medium,Medium,Medium,Medium,Medium
96,ND Research,Neutral,"[""Session Timing & Duration"", ""Breakouts"", ""Lunch/Fireside"", ""Suggestions/Requests""]","[{""theme"": ""Session Timing & Duration"", ""sentiment"": ""Neutral""}, {""theme"": ""Breakouts"", ""sentiment"": ""Neutral""}, {""theme"": ""Lunch/Fireside"", ""sentiment"": ""Neutral""}, {""theme"": ""Suggestions/Requests"", ""sentiment"": ""Neutral""}]",A listing of options currently offered to employees have for advancing their education for example Maybe breakout sessions that are more tailored to individual divisions,3.0,3.0,8.0,5.0,7.0,5.0,7.5,10.0,7.5,7.5,7.5,2.5,7.5,7.5,7.5,5.0,5.0,5.0,7.5,7.5,7.5,5.0,5.0,5.0,Detractor,Detractor,Passive,Detractor,Passive,Detractor,Medium,High,Medium,Medium,Medium,Low,Medium,Medium,Medium,Medium,Medium,Medium,Medium,Medium,Medium,Medium,Medium,Medium
97,ND Research,Neutral,[],[],,10.0,8.0,9.0,7.0,7.0,10.0,7.5,10.0,10.0,7.5,7.5,7.5,7.5,7.5,7.5,7.5,7.5,5.0,7.5,7.5,7.5,7.5,7.5,7.5,Promoter,Passive,Promoter,Passive,Passive,Promoter,Medium,High,High,Medium,Medium,Medium,Medium,Medium,Medium,Medium,Medium,Medium,Medium,Medium,Medium,Medium,Medium,Medium
98,ND Research,Neutral,"[""Session Timing & Duration""]","[{""theme"": ""Session Timing & Duration"", ""sentiment"": ""Neutral""}]",It was a little long (I had trouble focusing by the end of the day) None,10.0,7.0,5.0,8.0,9.0,0.0,7.5,10.0,5.0,5.0,7.5,7.5,5.0,7.5,5.0,7.5,7.5,7.5,7.5,7.5,7.5,2.5,2.5,2.5,Promoter,Passive,Detractor,Passive,Promoter,Detractor,Medium,High,Medium,Medium,Medium,Medium,Medium,Medium,Medium,Medium,Medium,Medium,Medium,Medium,Medium,Low,Low,Low
99,ND Research,Neutral,[],[],,8.0,6.0,5.0,5.0,7.0,6.0,10.0,7.5,7.5,7.5,7.5,7.5,5.0,5.0,5.0,5.0,5.0,5.0,7.5,7.5,7.5,7.5,7.5,7.5,Passive,Detractor,Detractor,Detractor,Passive,Detractor,High,Medium,Medium,Medium,Medium,Medium,Medium,Medium,Medium,Medium,Medium,Medium,Medium,Medium,Medium,Medium,Medium,Medium
100,College of Science,Positive,"[""Session Timing & Duration"", ""Breakouts"", ""Lunch/Fireside""]","[{""theme"": ""Session Timing & Duration"", ""sentiment"": ""Positive""}, {""theme"": ""Breakouts"", ""sentiment"": ""Positive""}, {""theme"": ""Lunch/Fireside"", ""sentiment"": ""Positive""}]",It would be great to have access to recording of the other sessions,10.0,10.0,10.0,10.0,10.0,10.0,10.0,10.0,10.0,7.5,7.5,7.5,7.5,7.5,7.5,7.5,7.5,7.5,7.5,7.5,7.5,7.5,7.5,7.5,Promoter,Promoter,Promoter,Promoter,Promoter,Promoter,High,High,High,Medium,Medium,Medium,Medium,Medium,Medium,Medium,Medium,Medium,Medium,Medium,Medium,Medium,Medium,Medium
101,College of Science,Positive,"[""Session Timing & Duration"", ""Networking/Peer Interaction"", ""Keynotes"", ""Breakouts"", ""Lunch/Fireside""]","[{""theme"": ""Session Timing & Duration"", ""sentiment"": ""Positive""}, {""theme"": ""Networking/Peer Interaction"", ""sentiment"": ""Positive""}, {""theme"": ""Keynotes"", ""sentiment"": ""Positive""}, {""theme"": ""Breakouts"", ""sentiment"": ""Positive""}, {""theme"": ""Lunch/Fireside"", ""sentiment"": ""Positive""}]",I really enjoyed the sessions overall,9.0,10.0,7.0,7.0,9.0,10.0,7.5,10.0,7.5,7.5,7.5,7.5,7.5,7.5,7.5,7.5,7.5,2.5,7.5,7.5,7.5,7.5,7.5,7.5,Promoter,Promoter,Passive,Passive,Promoter,Promoter,Medium,High,Medium,Medium,Medium,Medium,Medium,Medium,Medium,Medium,Medium,Low,Medium,Medium,Medium,Medium,Medium,Medium
102,College of Science,Neutral,"[""Session Timing & Duration"", ""Speaker/Facilitator Quality"", ""Content Relevance & Applicability"", ""Networking/Peer Interaction"", ""Breakouts"", ""Suggestions/Requests""]","[{""theme"": ""Session Timing & Duration"", ""sentiment"": ""Neutral""}, {""theme"": ""Speaker/Facilitator Quality"", ""sentiment"": ""Neutral""}, {""theme"": ""Content Relevance & Applicability"", ""sentiment"": ""Neutral""}, {""theme"": ""Networking/Peer Interaction"", ""sentiment"": ""Neutral""}, {""theme"": ""Breakouts"", ""sentiment"": ""Neutral""}, {""theme"": ""Suggestions/Requests"", ""sentiment"": ""Neutral""}]",Overall I felt the time connecting with my colleagues was more influential than the workshop topics but I still found the day worthwhile and informative,9.0,6.0,8.0,8.0,7.0,9.0,7.5,7.5,7.5,7.5,7.5,7.5,7.5,7.5,7.5,7.5,7.5,7.5,7.5,7.5,7.5,7.5,7.5,7.5,Promoter,Detractor,Passive,Passive,Passive,Promoter,Medium,Medium,Medium,Medium,Medium,Medium,Medium,Medium,Medium,Medium,Medium,Medium,Medium,Medium,Medium,Medium,Medium,Medium
103,Mendoza College of Business,Positive,"[""Session Timing & Duration"", ""Breakouts"", ""Lunch/Fireside"", ""Suggestions/Requests""]","[{""theme"": ""Session Timing & Duration"", ""sentiment"": ""Positive""}, {""theme"": ""Breakouts"", ""sentiment"": ""Positive""}, {""theme"": ""Lunch/Fireside"", ""sentiment"": ""Positive""}, {""theme"": ""Suggestions/Requests"", ""sentiment"": ""Positive""}]",I really enjoyed these sessions,9.0,10.0,10.0,10.0,10.0,10.0,10.0,10.0,10.0,7.5,2.5,7.5,7.5,7.5,7.5,7.5,7.5,7.5,7.5,2.5,7.5,7.5,7.5,7.5,Promoter,Promoter,Promoter,Promoter,Promoter,Promoter,High,High,High,Medium,Low,Medium,Medium,Medium,Medium,Medium,Medium,Medium,Medium,Low,Medium,Medium,Medium,Medium
104,College of Arts & Letters,Positive,"[""Session Timing & Duration"", ""Speaker/Facilitator Quality"", ""Content Relevance & Applicability"", ""Networking/Peer Interaction"", ""Organization & Flow"", ""Breakouts"", ""Lunch/Fireside"", ""Suggestions/Requests""]","[{""theme"": ""Session Timing & Duration"", ""sentiment"": ""Positive""}, {""theme"": ""Speaker/Facilitator Quality"", ""sentiment"": ""Positive""}, {""theme"": ""Content Relevance & Applicability"", ""sentiment"": ""Positive""}, {""theme"": ""Networking/Peer Interaction"", ""sentiment"": ""Positive""}, {""theme"": ""Organization & Flow"", ""sentiment"": ""Positive""}, {""theme"": ""Breakouts"", ""sentiment"": ""Positive""}, {""theme"": ""Lunch/Fireside"", ""sentiment"": ""Positive""}, {""theme"": ""Suggestions/Requests"", ""sentiment"": ""Positive""}]","The event was exceptional in all of the ways mentioned: schedule, organization, content, speakers",10.0,10.0,10.0,10.0,10.0,10.0,10.0,10.0,10.0,7.5,7.5,7.5,7.5,7.5,7.5,7.5,7.5,7.5,7.5,7.5,7.5,7.5,7.5,7.5,Promoter,Promoter,Promoter,Promoter,Promoter,Promoter,High,High,High,Medium,Medium,Medium,Medium,Medium,Medium,Medium,Medium,Medium,Medium,Medium,Medium,Medium,Medium,Medium
105,College of Science,Neutral,"[""Venue & Logistics"", ""Lunch/Fireside""]","[{""theme"": ""Venue & Logistics"", ""sentiment"": ""Neutral""}, {""theme"": ""Lunch/Fireside"", ""sentiment"": ""Neutral""}]","Lunch option for vegetarians was lacking, especially in comparison to the size/amount of food provided for sandwiches",8.0,6.0,0.0,9.0,8.0,10.0,10.0,10.0,7.5,7.5,2.5,7.5,5.0,5.0,5.0,7.5,7.5,7.5,7.5,7.5,7.5,7.5,7.5,7.5,Passive,Detractor,Detractor,Promoter,Passive,Promoter,High,High,Medium,Medium,Low,Medium,Medium,Medium,Medium,Medium,Medium,Medium,Medium,Medium,Medium,Medium,Medium,Medium
106,College of Arts & Letters,Neutral,"[""Session Timing & Duration""]","[{""theme"": ""Session Timing & Duration"", ""sentiment"": ""Neutral""}]","It was a good day, but felt rather long, even with the multiple breaks (which were nice",9.0,9.0,9.0,8.0,10.0,9.0,7.5,7.5,5.0,7.5,7.5,7.5,7.5,7.5,7.5,7.5,7.5,5.0,7.5,7.5,7.5,7.5,5.0,7.5,Promoter,Promoter,Promoter,Passive,Promoter,Promoter,Medium,Medium,Medium,Medium,Medium,Medium,Medium,Medium,Medium,Medium,Medium,Medium,Medium,Medium,Medium,Medium,Medium,Medium
107,ND Research,Neutral,[],[],,7.0,7.0,6.0,4.0,6.0,7.0,7.5,5.0,5.0,7.5,7.5,7.5,7.5,7.5,7.5,5.0,5.0,2.5,7.5,2.5,7.5,7.5,2.5,7.5,Passive,Passive,Detractor,Detractor,Detractor,Passive,Medium,Medium,Medium,Medium,Medium,Medium,Medium,Medium,Medium,Medium,Medium,Low,Medium,Low,Medium,Medium,Low,Medium
108,Keough School of Global Affairs,Positive,"[""Session Timing & Duration"", ""Content Relevance & Applicability"", ""Venue & Logistics"", ""Organization & Flow"", ""Keynotes"", ""Breakouts""]","[{""theme"": ""Session Timing & Duration"", ""sentiment"": ""Positive""}, {""theme"": ""Content Relevance & Applicability"", ""sentiment"": ""Positive""}, {""theme"": ""Venue & Logistics"", ""sentiment"": ""Positive""}, {""theme"": ""Organization & Flow"", ""sentiment"": ""Positive""}, {""theme"": ""Keynotes"", ""sentiment"": ""Positive""}, {""theme"": ""Breakouts"", ""sentiment"": ""Positive""}]",I appreciate all of the work that went into the organization,7.0,6.0,7.0,2.0,8.0,9.0,7.5,10.0,7.5,7.5,2.5,7.5,7.5,7.5,7.5,2.5,2.5,2.5,7.5,7.5,7.5,7.5,2.5,7.5,Passive,Detractor,Passive,Detractor,Passive,Promoter,Medium,High,Medium,Medium,Low,Medium,Medium,Medium,Medium,Low,Low,Low,Medium,Medium,Medium,Medium,Low,Medium
109,College of Arts & Letters,Neutral,"[""Speaker/Facilitator Quality"", ""Networking/Peer Interaction"", ""Keynotes"", ""Breakouts"", ""Lunch/Fireside""]","[{""theme"": ""Speaker/Facilitator Quality"", ""sentiment"": ""Neutral""}, {""theme"": ""Networking/Peer Interaction"", ""sentiment"": ""Neutral""}, {""theme"": ""Keynotes"", ""sentiment"": ""Neutral""}, {""theme"": ""Breakouts"", ""sentiment"": ""Neutral""}, {""theme"": ""Lunch/Fireside"", ""sentiment"": ""Neutral""}]","The morning keynote seemed to provide very basic, common sense information about navigating change and ended very early, creating a large gap between sessions",9.0,4.0,10.0,7.0,10.0,8.0,7.5,10.0,7.5,2.5,2.5,7.5,7.5,7.5,7.5,7.5,7.5,2.5,7.5,2.5,7.5,7.5,7.5,7.5,Promoter,Detractor,Promoter,Passive,Promoter,Passive,Medium,High,Medium,Low,Low,Medium,Medium,Medium,Medium,Medium,Medium,Low,Medium,Low,Medium,Medium,Medium,Medium
110,Keough School of Global Affairs,Negative,"[""Session Timing & Duration"", ""Speaker/Facilitator Quality"", ""Content Relevance & Applicability"", ""Keynotes"", ""Breakouts"", ""Lunch/Fireside"", ""Suggestions/Requests""]","[{""theme"": ""Session Timing & Duration"", ""sentiment"": ""Negative""}, {""theme"": ""Speaker/Facilitator Quality"", ""sentiment"": ""Negative""}, {""theme"": ""Content Relevance & Applicability"", ""sentiment"": ""Negative""}, {""theme"": ""Keynotes"", ""sentiment"": ""Negative""}, {""theme"": ""Breakouts"", ""sentiment"": ""Negative""}, {""theme"": ""Lunch/Fireside"", ""sentiment"": ""Negative""}, {""theme"": ""Suggestions/Requests"", ""sentiment"": ""Negative""}]","For people who have done other HR trainings in similar topics, there was nothing new",5.0,6.0,4.0,2.0,6.0,3.0,7.5,10.0,5.0,7.5,7.5,7.5,5.0,7.5,5.0,7.5,2.5,2.5,7.5,7.5,7.5,7.5,2.5,7.5,Detractor,Detractor,Detractor,Detractor,Detractor,Detractor,Medium,High,Medium,Medium,Medium,Medium,Medium,Medium,Medium,Medium,Low,Low,Medium,Medium,Medium,Medium,Low,Medium
111,ND Research,Neutral,"[""Other""]","[{""theme"": ""Other"", ""sentiment"": ""Neutral""}]",It was fun,9.0,8.0,10.0,9.0,9.0,8.0,10.0,10.0,10.0,7.5,7.5,7.5,7.5,7.5,7.5,7.5,7.5,7.5,7.5,7.5,7.5,7.5,7.5,7.5,Promoter,Passive,Promoter,Promoter,Promoter,Passive,High,High,High,Medium,Medium,Medium,Medium,Medium,Medium,Medium,Medium,Medium,Medium,Medium,Medium,Medium,Medium,Medium
112,Mendoza College of Business,Positive,"[""Session Timing & Duration"", ""Speaker/Facilitator Quality"", ""Content Relevance & Applicability"", ""Keynotes"", ""Breakouts"", ""Lunch/Fireside"", ""Suggestions/Requests""]","[{""theme"": ""Session Timing & Duration"", ""sentiment"": ""Positive""}, {""theme"": ""Speaker/Facilitator Quality"", ""sentiment"": ""Positive""}, {""theme"": ""Content Relevance & Applicability"", ""sentiment"": ""Positive""}, {""theme"": ""Keynotes"", ""sentiment"": ""Positive""}, {""theme"": ""Breakouts"", ""sentiment"": ""Positive""}, {""theme"": ""Lunch/Fireside"", ""sentiment"": ""Positive""}, {""theme"": ""Suggestions/Requests"", ""sentiment"": ""Positive""}]",I thought the timing of the sessions was off,10.0,9.0,10.0,7.0,8.0,10.0,10.0,10.0,7.5,7.5,7.5,7.5,7.5,7.5,7.5,7.5,5.0,5.0,7.5,7.5,7.5,7.5,7.5,7.5,Promoter,Promoter,Promoter,Passive,Passive,Promoter,High,High,Medium,Medium,Medium,Medium,Medium,Medium,Medium,Medium,Medium,Medium,Medium,Medium,Medium,Medium,Medium,Medium
